Workbook

Sheet Лист1
A1: Дата | B1: Территория | C1: Товарооборот, шт | D1: Товарооборот, руб | E1: Количество складов | F1: Количество заказов | G1: Количество клиентов | H1: Товарооборот на склад | I1: Неделя | J1: Доля %
A2: 43982 | B2: Самара | C2: 7944 | D2: 623971.5 | E2: {=INDEX('Лист2'!$C$2:$C$505, MATCH(A2&B2, 'Лист2'!$A$2:$A$505&'Лист2'!$B$2:$B$505, 0))} -> 15 | F2: {=INDEX('Лист2'!$D$2:$D$505, MATCH(A2&B2, 'Лист2'!$A$2:$A$505&'Лист2'!$B$2:$B$505, 0))} -> 441 | G2: {=INDEX('Лист2'!$E$2:$E$505, MATCH(A2&B2, 'Лист2'!$A$2:$A$505&'Лист2'!$B$2:$B$505, 0))} -> 368 | H2: =C2/E2 -> 529.6 | I2: =ISOWEEKNUM(A2) -> 22 | J2: =D2/SUM($D$2:$D$505)*100 -> 0.01257409
A3: 43981 | B3: Самара | C3: 10029 | D3: 787101 | E3: {=INDEX('Лист2'!$C$2:$C$505, MATCH(A3&B3, 'Лист2'!$A$2:$A$505&'Лист2'!$B$2:$B$505, 0))} -> 15 | F3: {=INDEX('Лист2'!$D$2:$D$505, MATCH(A3&B3, 'Лист2'!$A$2:$A$505&'Лист2'!$B$2:$B$505, 0))} -> 490 | G3: {=INDEX('Лист2'!$E$2:$E$505, MATCH(A3&B3, 'Лист2'!$A$2:$A$505&'Лист2'!$B$2:$B$505, 0))} -> 409 | H3: =C3/E3 -> 668.6 | I3: =ISOWEEKNUM(A3) -> 22 | J3: =D3/SUM($D$2:$D$505)*100 -> 0.015861427
A4: 43979 | B4: Самара | C4: 8536.5 | D4: 643944 | E4: {=INDEX('Лист2'!$C$2:$C$505, MATCH(A4&B4, 'Лист2'!$A$2:$A$505&'Лист2'!$B$2:$B$505, 0))} -> 15 | F4: {=INDEX('Лист2'!$D$2:$D$505, MATCH(A4&B4, 'Лист2'!$A$2:$A$505&'Лист2'!$B$2:$B$505, 0))} -> 464 | G4: {=INDEX('Лист2'!$E$2:$E$505, MATCH(A4&B4, 'Лист2'!$A$2:$A$505&'Лист2'!$B$2:$B$505, 0))} -> 390 | H4: =C4/E4 -> 569.1 | I4: =ISOWEEKNUM(A4) -> 22 | J4: =D4/SUM($D$2:$D$505)*100 -> 0.01297657
A5: 43967 | B5: Кемерово | C5: 38947.5 | D5: 3395892 | E5: {=INDEX('Лист2'!$C$2:$C$505, MATCH(A5&B5, 'Лист2'!$A$2:$A$505&'Лист2'!$B$2:$B$505, 0))} -> 21 | F5: {=INDEX('Лист2'!$D$2:$D$505, MATCH(A5&B5, 'Лист2'!$A$2:$A$505&'Лист2'!$B$2:$B$505, 0))} -> 2145 | G5: {=INDEX('Лист2'!$E$2:$E$505, MATCH(A5&B5, 'Лист2'!$A$2:$A$505&'Лист2'!$B$2:$B$505, 0))} -> 1947 | H5: =C5/E5 -> 1854.6429 | I5: =ISOWEEKNUM(A5) -> 20 | J5: =D5/SUM($D$2:$D$505)*100 -> 0.068433014
A6: 43970 | B6: Кемерово | C6: 31842 | D6: 2771116.5 | E6: {=INDEX('Лист2'!$C$2:$C$505, MATCH(A6&B6, 'Лист2'!$A$2:$A$505&'Лист2'!$B$2:$B$505, 0))} -> 21 | F6: {=INDEX('Лист2'!$D$2:$D$505, MATCH(A6&B6, 'Лист2'!$A$2:$A$505&'Лист2'!$B$2:$B$505, 0))} -> 1860 | G6: {=INDEX('Лист2'!$E$2:$E$505, MATCH(A6&B6, 'Лист2'!$A$2:$A$505&'Лист2'!$B$2:$B$505, 0))} -> 1704 | H6: =C6/E6 -> 1516.2857 | I6: =ISOWEEKNUM(A6) -> 21 | J6: =D6/SUM($D$2:$D$505)*100 -> 0.055842723
A7: 43968 | B7: Кемерово | C7: 32023.5 | D7: 2882458.5 | E7: {=INDEX('Лист2'!$C$2:$C$505, MATCH(A7&B7, 'Лист2'!$A$2:$A$505&'Лист2'!$B$2:$B$505, 0))} -> 21 | F7: {=INDEX('Лист2'!$D$2:$D$505, MATCH(A7&B7, 'Лист2'!$A$2:$A$505&'Лист2'!$B$2:$B$505, 0))} -> 1874 | G7: {=INDEX('Лист2'!$E$2:$E$505, MATCH(A7&B7, 'Лист2'!$A$2:$A$505&'Лист2'!$B$2:$B$505, 0))} -> 1705 | H7: =C7/E7 -> 1524.9286 | I7: =ISOWEEKNUM(A7) -> 20 | J7: =D7/SUM($D$2:$D$505)*100 -> 0.058086454
A8: 43960 | B8: Кемерово | C8: 31147.5 | D8: 2831019 | E8: {=INDEX('Лист2'!$C$2:$C$505, MATCH(A8&B8, 'Лист2'!$A$2:$A$505&'Лист2'!$B$2:$B$505, 0))} -> 21 | F8: {=INDEX('Лист2'!$D$2:$D$505, MATCH(A8&B8, 'Лист2'!$A$2:$A$505&'Лист2'!$B$2:$B$505, 0))} -> 1735 | G8: {=INDEX('Лист2'!$E$2:$E$505, MATCH(A8&B8, 'Лист2'!$A$2:$A$505&'Лист2'!$B$2:$B$505, 0))} -> 1568 | H8: =C8/E8 -> 1483.2143 | I8: =ISOWEEKNUM(A8) -> 19 | J8: =D8/SUM($D$2:$D$505)*100 -> 0.05704986
A9: 43955 | B9: Кемерово | C9: 25566 | D9: 2372310 | E9: {=INDEX('Лист2'!$C$2:$C$505, MATCH(A9&B9, 'Лист2'!$A$2:$A$505&'Лист2'!$B$2:$B$505, 0))} -> 20 | F9: {=INDEX('Лист2'!$D$2:$D$505, MATCH(A9&B9, 'Лист2'!$A$2:$A$505&'Лист2'!$B$2:$B$505, 0))} -> 1519 | G9: {=INDEX('Лист2'!$E$2:$E$505, MATCH(A9&B9, 'Лист2'!$A$2:$A$505&'Лист2'!$B$2:$B$505, 0))} -> 1372 | H9: =C9/E9 -> 1278.3 | I9: =ISOWEEKNUM(A9) -> 19 | J9: =D9/SUM($D$2:$D$505)*100 -> 0.047806092
A10: 43950 | B10: Кемерово | C10: 29319 | D10: 2623480.5 | E10: {=INDEX('Лист2'!$C$2:$C$505, MATCH(A10&B10, 'Лист2'!$A$2:$A$505&'Лист2'!$B$2:$B$505, 0))} -> 18 | F10: {=INDEX('Лист2'!$D$2:$D$505, MATCH(A10&B10, 'Лист2'!$A$2:$A$505&'Лист2'!$B$2:$B$505, 0))} -> 1684 | G10: {=INDEX('Лист2'!$E$2:$E$505, MATCH(A10&B10, 'Лист2'!$A$2:$A$505&'Лист2'!$B$2:$B$505, 0))} -> 1528 | H10: =C10/E10 -> 1628.8333 | I10: =ISOWEEKNUM(A10) -> 18 | J10: =D10/SUM($D$2:$D$505)*100 -> 0.052867606
A11: 43953 | B11: Кемерово | C11: 29031 | D11: 2711247 | E11: {=INDEX('Лист2'!$C$2:$C$505, MATCH(A11&B11, 'Лист2'!$A$2:$A$505&'Лист2'!$B$2:$B$505, 0))} -> 18 | F11: {=INDEX('Лист2'!$D$2:$D$505, MATCH(A11&B11, 'Лист2'!$A$2:$A$505&'Лист2'!$B$2:$B$505, 0))} -> 1708 | G11: {=INDEX('Лист2'!$E$2:$E$505, MATCH(A11&B11, 'Лист2'!$A$2:$A$505&'Лист2'!$B$2:$B$505, 0))} -> 1534 | H11: =C11/E11 -> 1612.8333 | I11: =ISOWEEKNUM(A11) -> 18 | J11: =D11/SUM($D$2:$D$505)*100 -> 0.05463625
A12: 43977 | B12: Кемерово | C12: 33423 | D12: 2970330 | E12: {=INDEX('Лист2'!$C$2:$C$505, MATCH(A12&B12, 'Лист2'!$A$2:$A$505&'Лист2'!$B$2:$B$505, 0))} -> 20 | F12: {=INDEX('Лист2'!$D$2:$D$505, MATCH(A12&B12, 'Лист2'!$A$2:$A$505&'Лист2'!$B$2:$B$505, 0))} -> 2044 | G12: {=INDEX('Лист2'!$E$2:$E$505, MATCH(A12&B12, 'Лист2'!$A$2:$A$505&'Лист2'!$B$2:$B$505, 0))} -> 1863 | H12: =C12/E12 -> 1671.15 | I12: =ISOWEEKNUM(A12) -> 22 | J12: =D12/SUM($D$2:$D$505)*100 -> 0.059857214
A13: 43952 | B13: Кемерово | C13: 32487 | D13: 3031254 | E13: {=INDEX('Лист2'!$C$2:$C$505, MATCH(A13&B13, 'Лист2'!$A$2:$A$505&'Лист2'!$B$2:$B$505, 0))} -> 18 | F13: {=INDEX('Лист2'!$D$2:$D$505, MATCH(A13&B13, 'Лист2'!$A$2:$A$505&'Лист2'!$B$2:$B$505, 0))} -> 1826 | G13: {=INDEX('Лист2'!$E$2:$E$505, MATCH(A13&B13, 'Лист2'!$A$2:$A$505&'Лист2'!$B$2:$B$505, 0))} -> 1633 | H13: =C13/E13 -> 1804.8333 | I13: =ISOWEEKNUM(A13) -> 18 | J13: =D13/SUM($D$2:$D$505)*100 -> 0.061084937
... A505: 43983 | B505: Новосибирск | C505: 14238 | D505: 1293219 | E505: {=INDEX('Лист2'!$C$2:$C$505, MATCH(A505&B505, 'Лист2'!$A$2:$A$505&'Лист2'!$B$2:$B$505, 0))} -> 18 | F505: {=INDEX('Лист2'!$D$2:$D$505, MATCH(A505&B505, 'Лист2'!$A$2:$A$505&'Лист2'!$B$2:$B$505, 0))} -> 923 | G505: {=INDEX('Лист2'!$E$2:$E$505, MATCH(A505&B505, 'Лист2'!$A$2:$A$505&'Лист2'!$B$2:$B$505, 0))} -> 824 | H505: =C505/E505 -> 791 | I505: =ISOWEEKNUM(A505) -> 23 | J505: =D505/SUM($D$2:$D$505)*100 -> 0.026060568

Sheet Лист2
A1: Дата | B1: Территория | C1: Количество складов | D1: Количество заказов | E1: Количество клиентов
A2: 43949 | B2: Волгоград | C2: 36 | D2: 4923 | E2: 4560
A3: 43949 | B3: Екатеринбург | C3: 31 | D3: 5465 | E3: 5096
A4: 43949 | B4: Казань | C4: 19 | D4: 1846 | E4: 1681
A5: 43949 | B5: Кемерово | C5: 18 | D5: 1539 | E5: 1404
A6: 43949 | B6: Краснодар | C6: 18 | D6: 1505 | E6: 1368
A7: 43949 | B7: Москва Восток | C7: 54 | D7: 12306 | E7: 11532
A8: 43949 | B8: Москва Запад | C8: 59 | D8: 12943 | E8: 12072
A9: 43949 | B9: Нижний Новгород | C9: 17 | D9: 1439 | E9: 1265
A10: 43949 | B10: Новосибирск | C10: 15 | D10: 636 | E10: 547
A11: 43949 | B11: Пермь | C11: 15 | D11: 780 | E11: 690
A12: 43949 | B12: Санкт-Петербург Север | C12: 125 | D12: 20914 | E12: 19479
A13: 43949 | B13: Санкт-Петербург Юг | C13: 128 | D13: 16450 | E13: 15320
... A505: 43983 | B505: Уфа | C505: 6 | D505: 237 | E505: 175

Sheet Топ-3 города в доле

Sheet Топ-3 города по склад

Sheet Города по неделям
